{
    "level": 6,
    "exp": 27.80000000000004,
    "ovr_exp": 544.8000000000001,
    "exp_to_next": 114,
    "attributes": {
        "intelligence": 326.88,
        "knowledge": 108.96000000000001,
        "SE": 0,
        "athleticism": 0,
        "combat": 0,
        "artistry": 0,
        "looks": 0,
        "discipline": 54.480000000000004
    }
}